{
	"controlPoints": [
		{
			"x": 61.09479156281725,
			"y": 39.999895834543224,
			"z": 104.16556066969419,
			"tipid": ""
		},
		{
			"x": -104.67290006491532,
			"y": 49.99988516699716,
			"z": 64.83311808767733,
			"tipid": "a"
		},
		{
			"x": -100.45393994678753,
			"y": 49.99995921232133,
			"z": -84.21228046066133,
			"tipid": "b"
		},
		{
			"x": -100,
			"y": 50,
			"z": -200,
			"tipid": ""
		}
	]
}