{
	"controlPoints": [
		{
			"x": 110.0216455438377,
			"y": 51.184615001304095,
			"z": 196.95821721103007,
			"tipid": ""
		},
		{
			"x": 71.43944467868432,
			"y": 49.65869567782363,
			"z": -78.78717745011151,
			"tipid": ""
		},
		{
			"x": -69.1329050496754,
			"y": 23.0457264154341,
			"z": -62.216197455322344,
			"tipid": ""
		},
		{
			"x": -169.75952468460557,
			"y": 19.83507531443453,
			"z": 122.04779692917919,
			"tipid": ""
		}
	]
}