{
	"controlPoints": [
		{
			"x": 133.28950821679115,
			"y": 39.99981197609952,
			"z": 188.02408528195681,
			"tipid": ""
		},
		{
			"x": -60.207146344866075,
			"y": 49.99981444198721,
			"z": 135.55819563892436,
			"tipid": "bed"
		},
		{
			"x": -82.26122648278061,
			"y": 49.999972567005216,
			"z": -97.56697772115243,
			"tipid": ""
		},
		{
			"x": -100,
			"y": 50,
			"z": -200,
			"tipid": ""
		}
	]
}